BEGIN TRANSACTION;
CREATE TABLE IF NOT EXISTS "migrations" ("id" integer primary key autoincrement not null, "migration" varchar not null, "batch" integer not null);
INSERT INTO migrations VALUES(1,'0001_01_01_000000_create_users_table',1);
INSERT INTO migrations VALUES(2,'0001_01_01_000001_create_cache_table',1);
INSERT INTO migrations VALUES(3,'0001_01_01_000002_create_jobs_table',1);
INSERT INTO migrations VALUES(4,'2024_10_17_115510_add_two_factor_columns_to_users_table',1);
INSERT INTO migrations VALUES(5,'2024_10_17_115519_create_personal_access_tokens_table',1);
INSERT INTO migrations VALUES(6,'2024_10_17_125008_create_categorias_table',1);
INSERT INTO migrations VALUES(7,'2024_10_17_130032_create_posts_table',1);
INSERT INTO migrations VALUES(8,'2024_10_17_130633_general_config_table',1);
INSERT INTO migrations VALUES(9,'2024_10_17_193524_category_post_table',1);
CREATE TABLE IF NOT EXISTS "users" ("id" integer primary key autoincrement not null, "name" varchar not null, "email" varchar not null, "email_verified_at" datetime, "password" varchar not null, "remember_token" varchar, "current_team_id" integer, "profile_photo_path" varchar, "created_at" datetime, "updated_at" datetime, "two_factor_secret" text, "two_factor_recovery_codes" text, "two_factor_confirmed_at" datetime);
INSERT INTO users VALUES(1,'Aurora Guerra','fvilla@example.net','2024-10-11 10:20:13','$2y$12$vaCuMmgxlVzxylJbwvMPgOv9w9omBto9Tw2Uqh8y14oCvgFjZY/re',NULL,NULL,'john_lennon.png',NULL,NULL,NULL,NULL,NULL);
INSERT INTO users VALUES(2,'Lic. Luis Santamaría','naiara.requena@example.net','2024-10-11 10:20:14','$2y$12$vaCuMmgxlVzxylJbwvMPgOv9w9omBto9Tw2Uqh8y14oCvgFjZY/re',NULL,NULL,'tim-logo.png',NULL,NULL,NULL,NULL,NULL);
INSERT INTO users VALUES(3,'Asier Garibay','agosto.sofia@example.net','2024-10-11 10:20:14','$2y$12$vaCuMmgxlVzxylJbwvMPgOv9w9omBto9Tw2Uqh8y14oCvgFjZY/re',NULL,NULL,'default.png',NULL,NULL,NULL,NULL,NULL);
INSERT INTO users VALUES(4,'Lic. Jon Alanis Segundo','ocastro@example.net','2024-10-11 10:20:14','$2y$12$vaCuMmgxlVzxylJbwvMPgOv9w9omBto9Tw2Uqh8y14oCvgFjZY/re',NULL,NULL,'john_lennon.png',NULL,NULL,NULL,NULL,NULL);
INSERT INTO users VALUES(5,'Alejandro Matos Tercero','rodarte.veronica@example.com','2024-10-11 10:20:14','$2y$12$vaCuMmgxlVzxylJbwvMPgOv9w9omBto9Tw2Uqh8y14oCvgFjZY/re',NULL,NULL,'default.png',NULL,NULL,NULL,NULL,NULL);
INSERT INTO users VALUES(6,'María Pilar García','erik.figueroa@example.org','2024-10-11 10:20:14','$2y$12$vaCuMmgxlVzxylJbwvMPgOv9w9omBto9Tw2Uqh8y14oCvgFjZY/re',NULL,NULL,'john_lennon.png',NULL,NULL,NULL,NULL,NULL);
INSERT INTO users VALUES(7,'Cristian Olvera Segundo','archuleta.josemanuel@example.com','2024-10-11 10:20:14','$2y$12$vaCuMmgxlVzxylJbwvMPgOv9w9omBto9Tw2Uqh8y14oCvgFjZY/re',NULL,NULL,'default.png',NULL,NULL,NULL,NULL,NULL);
INSERT INTO users VALUES(8,'Ainhoa Almaráz','snevarez@example.org','2024-10-11 10:20:14','$2y$12$vaCuMmgxlVzxylJbwvMPgOv9w9omBto9Tw2Uqh8y14oCvgFjZY/re',NULL,NULL,'john_lennon.png',NULL,NULL,NULL,NULL,NULL);
INSERT INTO users VALUES(9,'Srta. Esther Arriaga','hprieto@example.com','2024-10-11 10:20:14','$2y$12$vaCuMmgxlVzxylJbwvMPgOv9w9omBto9Tw2Uqh8y14oCvgFjZY/re',NULL,NULL,'perrito.png',NULL,NULL,NULL,NULL,NULL);
INSERT INTO users VALUES(10,'Ángel Sotelo Hijo','ruelas.fatima@example.net','2024-10-11 10:20:14','$2y$12$vaCuMmgxlVzxylJbwvMPgOv9w9omBto9Tw2Uqh8y14oCvgFjZY/re',NULL,NULL,'john_lennon.png',NULL,NULL,NULL,NULL,NULL);
INSERT INTO users VALUES(11,'Susan','susan@example.com','','$2y$12$20KQXCy4ePhdo7LaNnqUc.4Zy.gEAWRNcGRdmz6cOA1o8x.GmI2oi',NULL,NULL,'perrito.png',NULL,'2024-10-20 21:04:58',NULL,NULL,NULL);
CREATE TABLE IF NOT EXISTS "password_reset_tokens" ("email" varchar not null, "token" varchar not null, "created_at" datetime, primary key ("email"));
CREATE TABLE IF NOT EXISTS "sessions" ("id" varchar not null, "user_id" integer, "ip_address" varchar, "user_agent" text, "payload" text not null, "last_activity" integer not null, primary key ("id"));
INSERT INTO sessions VALUES('TxXL6a3vSdTdVMXD2C7hWYU9SkJdNoSqHzufDGuh',11,'192.168.65.1','Mozilla/5.0 (Macintosh; Intel Mac OS X 10_15_7) AppleWebKit/537.36 (KHTML, like Gecko) Chrome/130.0.0.0 Safari/537.36 Edg/130.0.0.0','YTo3OntzOjY6Il90b2tlbiI7czo0MDoiZW9xaDJrTzBaZXlKYU9yVkMyeVd4MGk5Ymdjekd3RlVIcHpWdjJGMCI7czo5OiJfcHJldmlvdXMiO2E6MTp7czozOiJ1cmwiO3M6Mjc6Imh0dHA6Ly9sb2NhbGhvc3QvY2F0ZWdvcnkvMSI7fXM6NjoiX2ZsYXNoIjthOjI6e3M6Mzoib2xkIjthOjA6e31zOjM6Im5ldyI7YTowOnt9fXM6NTA6ImxvZ2luX3dlYl81OWJhMzZhZGRjMmIyZjk0MDE1ODBmMDE0YzdmNThlYTRlMzA5ODlkIjtpOjExO3M6MjE6InBhc3N3b3JkX2hhc2hfc2FuY3R1bSI7czo2MDoiJDJ5JDEyJDIwS1FYQ3k0ZVBoZG83TGFObnFVYy40WnkuZ0VBV1JOY0dSZG16NmNPQTFvOHguR21JMm9pIjtzOjM6InVybCI7YTowOnt9czo0OiJhdXRoIjthOjE6e3M6MjE6InBhc3N3b3JkX2NvbmZpcm1lZF9hdCI7aToxNzI5NTQ0MDEwO319',1729550661);
CREATE TABLE IF NOT EXISTS "cache" ("key" varchar not null, "value" text not null, "expiration" integer not null, primary key ("key"));
INSERT INTO cache VALUES('6bb493074a2902aeed16d972f7983826:timer','i:1729521490;',1729521490);
INSERT INTO cache VALUES('6bb493074a2902aeed16d972f7983826','i:1;',1729521490);
CREATE TABLE IF NOT EXISTS "cache_locks" ("key" varchar not null, "owner" varchar not null, "expiration" integer not null, primary key ("key"));
CREATE TABLE IF NOT EXISTS "jobs" ("id" integer primary key autoincrement not null, "queue" varchar not null, "payload" text not null, "attempts" integer not null, "reserved_at" integer, "available_at" integer not null, "created_at" integer not null);
CREATE TABLE IF NOT EXISTS "job_batches" ("id" varchar not null, "name" varchar not null, "total_jobs" integer not null, "pending_jobs" integer not null, "failed_jobs" integer not null, "failed_job_ids" text not null, "options" text, "cancelled_at" integer, "created_at" integer not null, "finished_at" integer, primary key ("id"));
CREATE TABLE IF NOT EXISTS "failed_jobs" ("id" integer primary key autoincrement not null, "uuid" varchar not null, "connection" text not null, "queue" text not null, "payload" text not null, "exception" text not null, "failed_at" datetime not null default CURRENT_TIMESTAMP);
CREATE TABLE IF NOT EXISTS "personal_access_tokens" ("id" integer primary key autoincrement not null, "tokenable_type" varchar not null, "tokenable_id" integer not null, "name" varchar not null, "token" varchar not null, "abilities" text, "last_used_at" datetime, "expires_at" datetime, "created_at" datetime, "updated_at" datetime);
CREATE TABLE IF NOT EXISTS "categories" ("id" integer primary key autoincrement not null, "name" varchar not null, "logo" varchar not null, "ico" varchar not null, "logo_color" varchar not null, "primary_color" varchar not null, "secondary_color" varchar not null, "created_at" datetime, "updated_at" datetime, "description" text, "opacidad" varchar);
INSERT INTO categories VALUES(1,'Laravel','laravel-logo.svg','ti-brand-laravel','#ffffff','#FF2D20','#000000',NULL,NULL,'Este es el texto descriptivo de la categoría de laravel.','66');
INSERT INTO categories VALUES(2,'php','php-logo.svg','ti-file-type-php','#ffffff','#777BB4','#aec733',NULL,NULL,NULL,'CC');
INSERT INTO categories VALUES(3,'vsc','vsc-logo.svg','ti-brand-vscode','#ffffff','#2F80ED','#2F80ED',NULL,NULL,NULL,NULL);
INSERT INTO categories VALUES(4,'html','html5.svg','ti-brand-html5','#000000','#E34F26','#615fc4',NULL,NULL,'Descripción del Hache Te eme ele 5',NULL);
INSERT INTO categories VALUES(5,'css','css3.svg','ti-brand-css3','#ffffff','#1572B6','#1572B6',NULL,NULL,NULL,NULL);
INSERT INTO categories VALUES(6,'django','django.svg','ti-brand-django','#ffffff','#092E20','#092E20',NULL,NULL,NULL,NULL);
INSERT INTO categories VALUES(7,'python','python.svg','ti-brand-python','#ffffff','#3776AB','#3776AB',NULL,NULL,NULL,NULL);
CREATE TABLE IF NOT EXISTS "general_config" ("id" integer primary key autoincrement not null, "show_userPhoto" tinyint(1) not null, "show_userName" tinyint(1) not null, "show_headerMenssage" tinyint(1) not null, "headerMenssage" varchar not null, "default_image_post" varchar not null, "default_profile_image" varchar not null);
CREATE TABLE IF NOT EXISTS "posts" ("id" integer primary key autoincrement not null, "title" varchar not null, "content" text not null, "excerpt" varchar not null, "user_id" integer not null, "image" varchar not null default 'default_image.png', "is_published" tinyint(1) not null default '1', "created_at" datetime, "updated_at" datetime);
INSERT INTO posts VALUES(1,'Para crear un CRUD completo en Laravel','<p>Para crear un CRUD completo en Laravel para manejar <strong>usuarios</strong>, <strong>posts</strong>, y <strong>categor&iacute;as</strong>, donde cada <strong>post</strong> pertenece a un solo <strong>usuario</strong>, pero puede tener varias <strong>categor&iacute;as</strong>, y los <strong>usuarios</strong> pueden crear m&uacute;ltiples <strong>posts</strong>, seguimos estos pasos:</p>','Para crear un CRUD completo en LaravelPara crear un CRUD completo en Laravel',4,'1729541404-aprotestas.jpeg',1,'2024-10-18 23:13:36','2024-10-21 20:10:04');
INSERT INTO posts VALUES(2,'Con estos pasos, has creado un sistema CRUD','<p>Con estos pasos, has creado un sistema CRUD en Laravel para <strong>usuarios</strong>, <strong>posts</strong>, y <strong>categor&iacute;as</strong>, manejando las relaciones entre ellos. Puedes personalizar y expandirlo seg&uacute;n tus necesidades.</p>','Con estos pasos, has creado un sistema CRUD en Laravel',5,'1729412957-2Echenique.jpg',1,'2024-10-18 23:28:45','2024-10-18 23:28:45');
INSERT INTO posts VALUES(3,'Con estos pasos, has creado un sistema CRUD',replace('<div>\n<div dir="auto" data-message-model-slug="gpt-4o" data-message-id="06af8044-70ca-46a0-b662-07cb101f681c" data-message-author-role="assistant">\n<div>\n<div>\n<p>Con estos pasos, has creado un sistema CRUD en Laravel para <strong>usuarios</strong>, <strong>posts</strong>, y <strong>categor&iacute;as</strong>, manejando las relaciones entre ellos. Puedes personalizar y expandirlo seg&uacute;n tus necesidades.</p>\n</div>\n</div>\n</div>\n</div>','\n',char(10)),'Con estos pasos, has creado un sistema CRUD en Laravel',6,'1729413016-aprotestas.jpeg',1,'2024-10-19 00:16:02','2024-10-19 00:23:44');
INSERT INTO posts VALUES(4,'Jugoso por dentro, ligeramente crujiente por fuera y nada grasiento.','Jugoso por dentro, ligeramente crujiente por fuera y nada grasiento. Los andaluces tienen el secreto para hacer el mejor pescado frito del mundo.','Jugoso por dentro, ligeramente crujiente por fuera y nada grasiento.Jugoso por dentro, ligeramente crujiente por fuera y nada grasiento.',2,'1729424071-dato mata relato.jpg',1,'2024-10-20 10:20:28','2024-10-20 10:20:28');
INSERT INTO posts VALUES(5,'Jugoso por dentro, ligeramente crujiente por fuera y nada grasiento.','Jugoso por dentro, ligeramente crujiente por fuera y nada grasiento.Jugoso por dentro, ligeramente crujiente por fuera y nada grasiento.','Jugoso por dentro, ligeramente crujiente por fuera y nada grasiento.',11,'1729419669-fiscal.jpg',1,'2024-10-20 10:21:09','2024-10-20 10:21:09');
INSERT INTO posts VALUES(6,'Ni huevo ni pan rallado: el sencillo truco de los andaluces para freír el pescado mejor que nadie',replace('Ni huevo ni pan rallado: el sencillo truco de los andaluces para freír el pescado mejor que nadie\nNi huevo ni pan rallado: el sencillo truco de los andaluces para freír el pescado mejor que nadie','\n',char(10)),'Ni huevo ni pan rallado: el sencillo truco de los andaluces para freír el pescado mejor que nadie',1,'1729419744-echenique.jpg',1,'2024-10-20 10:22:24','2024-10-20 10:22:24');
INSERT INTO posts VALUES(7,'Para crear un CRUD completo en Laravel','<p>Para crear un CRUD completo en Laravel para manejar <strong>usuarios</strong>, <strong>posts</strong>, y <strong>categor&iacute;as</strong>, donde cada <strong>post</strong> pertenece a un solo <strong>usuario</strong>, pero puede tener varias <strong>categor&iacute;as</strong>, y los <strong>usuarios</strong> pueden crear m&uacute;ltiples <strong>posts</strong>, seguimos estos pasos:</p>','Para crear un CRUD completo en LaravelPara crear un CRUD completo en Laravel',2,'1729424287-bukele.jpg',1,'2024-10-18 23:13:36','2024-10-18 23:24:11');
INSERT INTO posts VALUES(8,'Con estos pasos, has creado un sistema CRUD','<p>Con estos pasos, has creado un sistema CRUD en Laravel para <strong>usuarios</strong>, <strong>posts</strong>, y <strong>categor&iacute;as</strong>, manejando las relaciones entre ellos. Puedes personalizar y expandirlo seg&uacute;n tus necesidades.</p>','Con estos pasos, has creado un sistema CRUD en Laravel',7,'1729412957-2Echenique.jpg',1,'2024-10-18 23:28:45','2024-10-18 23:28:45');
INSERT INTO posts VALUES(9,'Con estos pasos, has creado un sistema CRUD',replace('<div>\n<div dir="auto" data-message-model-slug="gpt-4o" data-message-id="06af8044-70ca-46a0-b662-07cb101f681c" data-message-author-role="assistant">\n<div>\n<div>\n<p>Con estos pasos, has creado un sistema CRUD en Laravel para <strong>usuarios</strong>, <strong>posts</strong>, y <strong>categor&iacute;as</strong>, manejando las relaciones entre ellos. Puedes personalizar y expandirlo seg&uacute;n tus necesidades.</p>\n</div>\n</div>\n</div>\n</div>','\n',char(10)),'Con estos pasos, has creado un sistema CRUD en Laravel',8,'1729413016-aprotestas.jpeg',1,'2024-10-19 00:16:02','2024-10-19 00:23:44');
INSERT INTO posts VALUES(10,'Jugoso por dentro, ligeramente crujiente por fuera y nada grasiento.','Jugoso por dentro, ligeramente crujiente por fuera y nada grasiento. Los andaluces tienen el secreto para hacer el mejor pescado frito del mundo.','Jugoso por dentro, ligeramente crujiente por fuera y nada grasiento.Jugoso por dentro, ligeramente crujiente por fuera y nada grasiento.',9,'1729419628-aprotestas.jpeg',1,'2024-10-20 10:20:28','2024-10-20 10:20:28');
INSERT INTO posts VALUES(11,'Jugoso por dentro, ligeramente crujiente por fuera y nada grasiento.','Jugoso por dentro, ligeramente crujiente por fuera y nada grasiento.Jugoso por dentro, ligeramente crujiente por fuera y nada grasiento.','Jugoso por dentro, ligeramente crujiente por fuera y nada grasiento.',10,'1729419669-fiscal.jpg',1,'2024-10-20 10:21:09','2024-10-20 10:21:09');
INSERT INTO posts VALUES(12,'Ni huevo ni pan rallado: el sencillo truco de los andaluces para freír el pescado mejor que nadie',replace('Ni huevo ni pan rallado: el sencillo truco de los andaluces para freír el pescado mejor que nadie\nNi huevo ni pan rallado: el sencillo truco de los andaluces para freír el pescado mejor que nadie','\n',char(10)),'Ni huevo ni pan rallado: el sencillo truco de los andaluces para freír el pescado mejor que nadie',1,'1729419744-echenique.jpg',1,'2024-10-20 10:22:24','2024-10-20 10:22:24');
INSERT INTO posts VALUES(13,'Para crear un CRUD completo en Laravel','<p>Para crear un CRUD completo en Laravel para manejar <strong>usuarios</strong>, <strong>posts</strong>, y <strong>categor&iacute;as</strong>, donde cada <strong>post</strong> pertenece a un solo <strong>usuario</strong>, pero puede tener varias <strong>categor&iacute;as</strong>, y los <strong>usuarios</strong> pueden crear m&uacute;ltiples <strong>posts</strong>, seguimos estos pasos:</p>','Para crear un CRUD completo en LaravelPara crear un CRUD completo en Laravel',2,'1729424287-bukele.jpg',1,'2024-10-18 23:13:36','2024-10-18 23:24:11');
INSERT INTO posts VALUES(14,'Con estos pasos, has creado un sistema CRUD','<p>Con estos pasos, has creado un sistema CRUD en Laravel para <strong>usuarios</strong>, <strong>posts</strong>, y <strong>categor&iacute;as</strong>, manejando las relaciones entre ellos. Puedes personalizar y expandirlo seg&uacute;n tus necesidades.</p>','Con estos pasos, has creado un sistema CRUD en Laravel',7,'1729412957-2Echenique.jpg',1,'2024-10-18 23:28:45','2024-10-18 23:28:45');
INSERT INTO posts VALUES(15,'Con estos pasos, has creado un sistema CRUD',replace('<div>\n<div dir="auto" data-message-model-slug="gpt-4o" data-message-id="06af8044-70ca-46a0-b662-07cb101f681c" data-message-author-role="assistant">\n<div>\n<div>\n<p>Con estos pasos, has creado un sistema CRUD en Laravel para <strong>usuarios</strong>, <strong>posts</strong>, y <strong>categor&iacute;as</strong>, manejando las relaciones entre ellos. Puedes personalizar y expandirlo seg&uacute;n tus necesidades.</p>\n</div>\n</div>\n</div>\n</div>','\n',char(10)),'Con estos pasos, has creado un sistema CRUD en Laravel',8,'1729413016-aprotestas.jpeg',1,'2024-10-19 00:16:02','2024-10-19 00:23:44');
INSERT INTO posts VALUES(16,'Jugoso por dentro, ligeramente crujiente por fuera y nada grasiento.','Jugoso por dentro, ligeramente crujiente por fuera y nada grasiento. Los andaluces tienen el secreto para hacer el mejor pescado frito del mundo.','Jugoso por dentro, ligeramente crujiente por fuera y nada grasiento.Jugoso por dentro, ligeramente crujiente por fuera y nada grasiento.',9,'1729419628-aprotestas.jpeg',1,'2024-10-20 10:20:28','2024-10-20 10:20:28');
INSERT INTO posts VALUES(17,'Jugoso por dentro, ligeramente crujiente por fuera y nada grasiento.','Jugoso por dentro, ligeramente crujiente por fuera y nada grasiento.Jugoso por dentro, ligeramente crujiente por fuera y nada grasiento.','Jugoso por dentro, ligeramente crujiente por fuera y nada grasiento.',10,'1729419669-fiscal.jpg',1,'2024-10-20 10:21:09','2024-10-20 10:21:09');
INSERT INTO posts VALUES(18,'Ni huevo ni pan rallado: el sencillo truco de los andaluces para freír el pescado mejor que nadie',replace('Ni huevo ni pan rallado: el sencillo truco de los andaluces para freír el pescado mejor que nadie\nNi huevo ni pan rallado: el sencillo truco de los andaluces para freír el pescado mejor que nadie','\n',char(10)),'Ni huevo ni pan rallado: el sencillo truco de los andaluces para freír el pescado mejor que nadie',1,'1729419744-echenique.jpg',1,'2024-10-20 10:22:24','2024-10-20 10:22:24');
CREATE TABLE IF NOT EXISTS "category_post" ("id" integer primary key autoincrement not null, "post_id" integer not null, "category_id" integer not null, "created_at" datetime, "updated_at" datetime, foreign key("post_id") references "posts"("id") on delete cascade, foreign key("category_id") references "categories"("id") on delete cascade);
INSERT INTO category_post VALUES(1,1,1,'',NULL);
INSERT INTO category_post VALUES(2,2,2,NULL,NULL);
INSERT INTO category_post VALUES(3,3,3,NULL,NULL);
INSERT INTO category_post VALUES(4,4,1,NULL,NULL);
INSERT INTO category_post VALUES(5,5,6,NULL,NULL);
INSERT INTO category_post VALUES(6,6,7,NULL,NULL);
INSERT INTO category_post VALUES(7,7,1,'',NULL);
INSERT INTO category_post VALUES(8,8,2,NULL,NULL);
INSERT INTO category_post VALUES(9,9,3,NULL,NULL);
INSERT INTO category_post VALUES(10,10,1,NULL,NULL);
INSERT INTO category_post VALUES(11,11,6,NULL,NULL);
INSERT INTO category_post VALUES(12,12,7,NULL,NULL);
INSERT INTO category_post VALUES(13,13,1,'',NULL);
INSERT INTO category_post VALUES(14,14,2,NULL,NULL);
INSERT INTO category_post VALUES(15,15,3,NULL,NULL);
INSERT INTO category_post VALUES(16,16,1,NULL,NULL);
INSERT INTO category_post VALUES(17,17,6,NULL,NULL);
INSERT INTO category_post VALUES(18,18,7,NULL,NULL);
DELETE FROM sqlite_sequence;
INSERT INTO sqlite_sequence VALUES('migrations',9);
INSERT INTO sqlite_sequence VALUES('users',11);
INSERT INTO sqlite_sequence VALUES('categories',7);
INSERT INTO sqlite_sequence VALUES('posts',18);
INSERT INTO sqlite_sequence VALUES('category_post',18);
CREATE UNIQUE INDEX "users_email_unique" on "users" ("email");
CREATE INDEX "sessions_user_id_index" on "sessions" ("user_id");
CREATE INDEX "sessions_last_activity_index" on "sessions" ("last_activity");
CREATE INDEX "jobs_queue_index" on "jobs" ("queue");
CREATE UNIQUE INDEX "failed_jobs_uuid_unique" on "failed_jobs" ("uuid");
CREATE INDEX "personal_access_tokens_tokenable_type_tokenable_id_index" on "personal_access_tokens" ("tokenable_type", "tokenable_id");
CREATE UNIQUE INDEX "personal_access_tokens_token_unique" on "personal_access_tokens" ("token");
COMMIT;
